BEGIN TRANSACTION;
CREATE TABLE "schema_migrations" ("version" varchar NOT NULL PRIMARY KEY);
INSERT INTO `schema_migrations` VALUES ('20170518141511');
INSERT INTO `schema_migrations` VALUES ('20170519045552');
INSERT INTO `schema_migrations` VALUES ('20170519062629');
INSERT INTO `schema_migrations` VALUES ('20170528080007');
CREATE TABLE "posts" ("id" INTEGER PRIMARY KEY AUTOINCREMENT NOT NULL, "content" text, "expiration_date" datetime, "complete_flg" integer DEFAULT 0, "list_id" integer, "created_at" datetime NOT NULL, "updated_at" datetime NOT NULL);
INSERT INTO `posts` VALUES (1,'ウツドン','2017-07-03 00:00:00',0,1,'2017-04-21 00:00:00','2017-05-29 01:48:28.095169');
INSERT INTO `posts` VALUES (2,'ウツドン','2017-07-03 00:00:00',0,2,'2017-04-21 00:00:00','2017-05-29 01:48:28.115970');
INSERT INTO `posts` VALUES (3,'ウツドン','2017-07-03 00:00:00',0,3,'2017-04-21 00:00:00','2017-05-29 01:48:28.136456');
INSERT INTO `posts` VALUES (4,'ウツドン','2017-07-03 00:00:00',0,4,'2017-04-21 00:00:00','2017-05-29 01:48:28.153776');
INSERT INTO `posts` VALUES (5,'ウツドン','2017-07-03 00:00:00',0,5,'2017-04-21 00:00:00','2017-05-29 01:48:28.170283');
INSERT INTO `posts` VALUES (6,'ウツドン','2017-07-03 00:00:00',0,6,'2017-04-21 00:00:00','2017-05-29 01:48:28.188943');
INSERT INTO `posts` VALUES (7,'ベトベトン','2017-09-05 00:00:00',1,1,'2017-02-22 00:00:00','2017-05-29 01:48:28.203931');
INSERT INTO `posts` VALUES (8,'ベトベトン','2017-09-05 00:00:00',1,2,'2017-02-22 00:00:00','2017-05-29 01:48:28.220127');
INSERT INTO `posts` VALUES (9,'ベトベトン','2017-09-05 00:00:00',1,3,'2017-02-22 00:00:00','2017-05-29 01:48:28.238458');
INSERT INTO `posts` VALUES (10,'ベトベトン','2017-09-05 00:00:00',1,4,'2017-02-22 00:00:00','2017-05-29 01:48:28.253850');
INSERT INTO `posts` VALUES (11,'ベトベトン','2017-09-05 00:00:00',1,5,'2017-02-22 00:00:00','2017-05-29 01:48:28.269245');
INSERT INTO `posts` VALUES (12,'ベトベトン','2017-09-05 00:00:00',1,6,'2017-02-22 00:00:00','2017-05-29 01:48:28.286506');
INSERT INTO `posts` VALUES (13,'ラプラス','2017-07-19 00:00:00',1,1,'2017-04-05 00:00:00','2017-05-29 01:48:28.302911');
INSERT INTO `posts` VALUES (14,'ラプラス','2017-07-19 00:00:00',1,2,'2017-04-05 00:00:00','2017-05-29 01:48:28.319522');
INSERT INTO `posts` VALUES (15,'ラプラス','2017-07-19 00:00:00',1,3,'2017-04-05 00:00:00','2017-05-29 01:48:28.333990');
INSERT INTO `posts` VALUES (16,'ラプラス','2017-07-19 00:00:00',1,4,'2017-04-05 00:00:00','2017-05-29 01:48:28.350558');
INSERT INTO `posts` VALUES (17,'ラプラス','2017-07-19 00:00:00',1,5,'2017-04-05 00:00:00','2017-05-29 01:48:28.366006');
INSERT INTO `posts` VALUES (18,'ラプラス','2017-07-19 00:00:00',1,6,'2017-04-05 00:00:00','2017-05-29 01:48:28.381763');
INSERT INTO `posts` VALUES (19,'ラッキー','2017-06-09 00:00:00',0,1,'2017-03-17 00:00:00','2017-05-29 01:48:28.399606');
INSERT INTO `posts` VALUES (20,'ラッキー','2017-06-09 00:00:00',0,2,'2017-03-17 00:00:00','2017-05-29 01:48:28.417247');
INSERT INTO `posts` VALUES (21,'ラッキー','2017-06-09 00:00:00',0,3,'2017-03-17 00:00:00','2017-05-29 01:48:28.433544');
INSERT INTO `posts` VALUES (22,'ラッキー','2017-06-09 00:00:00',0,4,'2017-03-17 00:00:00','2017-05-29 01:48:28.450758');
INSERT INTO `posts` VALUES (23,'ラッキー','2017-06-09 00:00:00',0,5,'2017-03-17 00:00:00','2017-05-29 01:48:28.468826');
INSERT INTO `posts` VALUES (24,'ラッキー','2017-06-09 00:00:00',0,6,'2017-03-17 00:00:00','2017-05-29 01:48:28.494791');
INSERT INTO `posts` VALUES (25,'ゴローン','2017-07-21 00:00:00',1,1,'2017-04-07 00:00:00','2017-05-29 01:48:28.513287');
INSERT INTO `posts` VALUES (26,'ゴローン','2017-07-21 00:00:00',1,2,'2017-04-07 00:00:00','2017-05-29 01:48:28.529666');
INSERT INTO `posts` VALUES (27,'ゴローン','2017-07-21 00:00:00',1,3,'2017-04-07 00:00:00','2017-05-29 01:48:28.546137');
INSERT INTO `posts` VALUES (28,'ゴローン','2017-07-21 00:00:00',1,4,'2017-04-07 00:00:00','2017-05-29 01:48:28.561070');
INSERT INTO `posts` VALUES (29,'ゴローン','2017-07-21 00:00:00',1,5,'2017-04-07 00:00:00','2017-05-29 01:48:28.576991');
INSERT INTO `posts` VALUES (30,'ゴローン','2017-07-21 00:00:00',1,6,'2017-04-07 00:00:00','2017-05-29 01:48:28.595264');
INSERT INTO `posts` VALUES (31,'ミュウツー','2017-06-15 00:00:00',0,1,'2017-05-24 00:00:00','2017-05-29 01:48:28.607604');
INSERT INTO `posts` VALUES (32,'ミュウツー','2017-06-15 00:00:00',0,2,'2017-05-24 00:00:00','2017-05-29 01:48:28.624068');
INSERT INTO `posts` VALUES (33,'ミュウツー','2017-06-15 00:00:00',0,3,'2017-05-24 00:00:00','2017-05-29 01:48:28.641632');
INSERT INTO `posts` VALUES (34,'ミュウツー','2017-06-15 00:00:00',0,4,'2017-05-24 00:00:00','2017-05-29 01:48:28.660140');
INSERT INTO `posts` VALUES (35,'ミュウツー','2017-06-15 00:00:00',0,5,'2017-05-24 00:00:00','2017-05-29 01:48:28.677639');
INSERT INTO `posts` VALUES (36,'ミュウツー','2017-06-15 00:00:00',0,6,'2017-05-24 00:00:00','2017-05-29 01:48:28.697593');
INSERT INTO `posts` VALUES (37,'プクリン','2017-06-29 00:00:00',1,1,'2017-04-03 00:00:00','2017-05-29 01:48:28.716969');
INSERT INTO `posts` VALUES (38,'プクリン','2017-06-29 00:00:00',1,2,'2017-04-03 00:00:00','2017-05-29 01:48:28.734604');
INSERT INTO `posts` VALUES (39,'プクリン','2017-06-29 00:00:00',1,3,'2017-04-03 00:00:00','2017-05-29 01:48:28.751645');
INSERT INTO `posts` VALUES (40,'プクリン','2017-06-29 00:00:00',1,4,'2017-04-03 00:00:00','2017-05-29 01:48:28.767352');
INSERT INTO `posts` VALUES (41,'プクリン','2017-06-29 00:00:00',1,5,'2017-04-03 00:00:00','2017-05-29 01:48:28.781882');
INSERT INTO `posts` VALUES (42,'プクリン','2017-06-29 00:00:00',1,6,'2017-04-03 00:00:00','2017-05-29 01:48:28.797507');
INSERT INTO `posts` VALUES (43,'スリーパー','2017-07-25 00:00:00',1,1,'2017-03-08 00:00:00','2017-05-29 01:48:28.813764');
INSERT INTO `posts` VALUES (44,'スリーパー','2017-07-25 00:00:00',1,2,'2017-03-08 00:00:00','2017-05-29 01:48:28.830399');
INSERT INTO `posts` VALUES (45,'スリーパー','2017-07-25 00:00:00',1,3,'2017-03-08 00:00:00','2017-05-29 01:48:28.847430');
INSERT INTO `posts` VALUES (46,'スリーパー','2017-07-25 00:00:00',1,4,'2017-03-08 00:00:00','2017-05-29 01:48:28.864513');
INSERT INTO `posts` VALUES (47,'スリーパー','2017-07-25 00:00:00',1,5,'2017-03-08 00:00:00','2017-05-29 01:48:28.886047');
INSERT INTO `posts` VALUES (48,'スリーパー','2017-07-25 00:00:00',1,6,'2017-03-08 00:00:00','2017-05-29 01:48:28.903314');
INSERT INTO `posts` VALUES (49,'ラフレシア','2017-06-02 00:00:00',1,1,'2017-03-08 00:00:00','2017-05-29 01:48:28.918756');
INSERT INTO `posts` VALUES (50,'ラフレシア','2017-06-02 00:00:00',1,2,'2017-03-08 00:00:00','2017-05-29 01:48:28.932116');
INSERT INTO `posts` VALUES (51,'ラフレシア','2017-06-02 00:00:00',1,3,'2017-03-08 00:00:00','2017-05-29 01:48:28.948496');
INSERT INTO `posts` VALUES (52,'ラフレシア','2017-06-02 00:00:00',1,4,'2017-03-08 00:00:00','2017-05-29 01:48:28.966961');
INSERT INTO `posts` VALUES (53,'ラフレシア','2017-06-02 00:00:00',1,5,'2017-03-08 00:00:00','2017-05-29 01:48:28.982664');
INSERT INTO `posts` VALUES (54,'ラフレシア','2017-06-02 00:00:00',1,6,'2017-03-08 00:00:00','2017-05-29 01:48:28.996575');
INSERT INTO `posts` VALUES (55,'ワンリキー','2017-08-09 00:00:00',1,1,'2017-03-20 00:00:00','2017-05-29 01:48:29.012462');
INSERT INTO `posts` VALUES (56,'ワンリキー','2017-08-09 00:00:00',1,2,'2017-03-20 00:00:00','2017-05-29 01:48:29.028740');
INSERT INTO `posts` VALUES (57,'ワンリキー','2017-08-09 00:00:00',1,3,'2017-03-20 00:00:00','2017-05-29 01:48:29.044904');
INSERT INTO `posts` VALUES (58,'ワンリキー','2017-08-09 00:00:00',1,4,'2017-03-20 00:00:00','2017-05-29 01:48:29.061135');
INSERT INTO `posts` VALUES (59,'ワンリキー','2017-08-09 00:00:00',1,5,'2017-03-20 00:00:00','2017-05-29 01:48:29.076709');
INSERT INTO `posts` VALUES (60,'ワンリキー','2017-08-09 00:00:00',1,6,'2017-03-20 00:00:00','2017-05-29 01:48:29.091816');
INSERT INTO `posts` VALUES (61,'オニスズメ','2017-09-06 00:00:00',0,1,'2017-04-01 00:00:00','2017-05-29 01:48:29.107292');
INSERT INTO `posts` VALUES (62,'オニスズメ','2017-09-06 00:00:00',0,2,'2017-04-01 00:00:00','2017-05-29 01:48:29.123049');
INSERT INTO `posts` VALUES (63,'オニスズメ','2017-09-06 00:00:00',0,3,'2017-04-01 00:00:00','2017-05-29 01:48:29.138114');
INSERT INTO `posts` VALUES (64,'オニスズメ','2017-09-06 00:00:00',0,4,'2017-04-01 00:00:00','2017-05-29 01:48:29.152708');
INSERT INTO `posts` VALUES (65,'オニスズメ','2017-09-06 00:00:00',0,5,'2017-04-01 00:00:00','2017-05-29 01:48:29.171698');
INSERT INTO `posts` VALUES (66,'オニスズメ','2017-09-06 00:00:00',0,6,'2017-04-01 00:00:00','2017-05-29 01:48:29.189319');
INSERT INTO `posts` VALUES (67,'ギャロップ','2017-08-21 00:00:00',0,1,'2017-03-23 00:00:00','2017-05-29 01:48:29.206475');
INSERT INTO `posts` VALUES (68,'ギャロップ','2017-08-21 00:00:00',0,2,'2017-03-23 00:00:00','2017-05-29 01:48:29.222271');
INSERT INTO `posts` VALUES (69,'ギャロップ','2017-08-21 00:00:00',0,3,'2017-03-23 00:00:00','2017-05-29 01:48:29.235331');
INSERT INTO `posts` VALUES (70,'ギャロップ','2017-08-21 00:00:00',0,4,'2017-03-23 00:00:00','2017-05-29 01:48:29.250984');
INSERT INTO `posts` VALUES (71,'ギャロップ','2017-08-21 00:00:00',0,5,'2017-03-23 00:00:00','2017-05-29 01:48:29.264826');
INSERT INTO `posts` VALUES (72,'ギャロップ','2017-08-21 00:00:00',0,6,'2017-03-23 00:00:00','2017-05-29 01:48:29.286243');
INSERT INTO `posts` VALUES (73,'エビワラー','2017-08-27 00:00:00',1,1,'2017-04-10 00:00:00','2017-05-29 01:48:29.302529');
INSERT INTO `posts` VALUES (74,'エビワラー','2017-08-27 00:00:00',1,2,'2017-04-10 00:00:00','2017-05-29 01:48:29.317738');
INSERT INTO `posts` VALUES (75,'エビワラー','2017-08-27 00:00:00',1,3,'2017-04-10 00:00:00','2017-05-29 01:48:29.333380');
INSERT INTO `posts` VALUES (76,'エビワラー','2017-08-27 00:00:00',1,4,'2017-04-10 00:00:00','2017-05-29 01:48:29.349235');
INSERT INTO `posts` VALUES (77,'エビワラー','2017-08-27 00:00:00',1,5,'2017-04-10 00:00:00','2017-05-29 01:48:29.366020');
INSERT INTO `posts` VALUES (78,'エビワラー','2017-08-27 00:00:00',1,6,'2017-04-10 00:00:00','2017-05-29 01:48:29.381058');
INSERT INTO `posts` VALUES (79,'フシギダネ','2017-06-21 00:00:00',1,1,'2017-05-26 00:00:00','2017-05-29 01:48:29.398662');
INSERT INTO `posts` VALUES (80,'フシギダネ','2017-06-21 00:00:00',1,2,'2017-05-26 00:00:00','2017-05-29 01:48:29.416555');
INSERT INTO `posts` VALUES (81,'フシギダネ','2017-06-21 00:00:00',1,3,'2017-05-26 00:00:00','2017-05-29 01:48:29.434532');
INSERT INTO `posts` VALUES (82,'フシギダネ','2017-06-21 00:00:00',1,4,'2017-05-26 00:00:00','2017-05-29 01:48:29.450349');
INSERT INTO `posts` VALUES (83,'フシギダネ','2017-06-21 00:00:00',1,5,'2017-05-26 00:00:00','2017-05-29 01:48:29.466776');
INSERT INTO `posts` VALUES (84,'フシギダネ','2017-06-21 00:00:00',1,6,'2017-05-26 00:00:00','2017-05-29 01:48:29.481409');
INSERT INTO `posts` VALUES (85,'キュウコン','2017-07-29 00:00:00',1,1,'2017-03-21 00:00:00','2017-05-29 01:48:29.497834');
INSERT INTO `posts` VALUES (86,'キュウコン','2017-07-29 00:00:00',1,2,'2017-03-21 00:00:00','2017-05-29 01:48:29.513257');
INSERT INTO `posts` VALUES (87,'キュウコン','2017-07-29 00:00:00',1,3,'2017-03-21 00:00:00','2017-05-29 01:48:29.530429');
INSERT INTO `posts` VALUES (88,'キュウコン','2017-07-29 00:00:00',1,4,'2017-03-21 00:00:00','2017-05-29 01:48:29.545411');
INSERT INTO `posts` VALUES (89,'キュウコン','2017-07-29 00:00:00',1,5,'2017-03-21 00:00:00','2017-05-29 01:48:29.563356');
INSERT INTO `posts` VALUES (90,'キュウコン','2017-07-29 00:00:00',1,6,'2017-03-21 00:00:00','2017-05-29 01:48:29.579141');
INSERT INTO `posts` VALUES (91,'メタモン','2017-07-10 00:00:00',1,1,'2017-03-29 00:00:00','2017-05-29 01:48:29.592975');
INSERT INTO `posts` VALUES (92,'メタモン','2017-07-10 00:00:00',1,2,'2017-03-29 00:00:00','2017-05-29 01:48:29.609200');
INSERT INTO `posts` VALUES (93,'メタモン','2017-07-10 00:00:00',1,3,'2017-03-29 00:00:00','2017-05-29 01:48:29.626041');
INSERT INTO `posts` VALUES (94,'メタモン','2017-07-10 00:00:00',1,4,'2017-03-29 00:00:00','2017-05-29 01:48:29.642257');
INSERT INTO `posts` VALUES (95,'メタモン','2017-07-10 00:00:00',1,5,'2017-03-29 00:00:00','2017-05-29 01:48:29.658397');
INSERT INTO `posts` VALUES (96,'メタモン','2017-07-10 00:00:00',1,6,'2017-03-29 00:00:00','2017-05-29 01:48:29.672130');
INSERT INTO `posts` VALUES (97,'パラセクト','2017-06-21 00:00:00',0,1,'2017-05-22 00:00:00','2017-05-29 01:48:29.687073');
INSERT INTO `posts` VALUES (98,'パラセクト','2017-06-21 00:00:00',0,2,'2017-05-22 00:00:00','2017-05-29 01:48:29.702050');
INSERT INTO `posts` VALUES (99,'パラセクト','2017-06-21 00:00:00',0,3,'2017-05-22 00:00:00','2017-05-29 01:48:29.720113');
INSERT INTO `posts` VALUES (100,'パラセクト','2017-06-21 00:00:00',0,4,'2017-05-22 00:00:00','2017-05-29 01:48:29.735370');
INSERT INTO `posts` VALUES (101,'パラセクト','2017-06-21 00:00:00',0,5,'2017-05-22 00:00:00','2017-05-29 01:48:29.749994');
INSERT INTO `posts` VALUES (102,'パラセクト','2017-06-21 00:00:00',0,6,'2017-05-22 00:00:00','2017-05-29 01:48:29.768851');
INSERT INTO `posts` VALUES (103,'ゴースト','2017-06-07 00:00:00',0,1,'2017-04-20 00:00:00','2017-05-29 01:48:29.783809');
INSERT INTO `posts` VALUES (104,'ゴースト','2017-06-07 00:00:00',0,2,'2017-04-20 00:00:00','2017-05-29 01:48:29.800646');
INSERT INTO `posts` VALUES (105,'ゴースト','2017-06-07 00:00:00',0,3,'2017-04-20 00:00:00','2017-05-29 01:48:29.819379');
INSERT INTO `posts` VALUES (106,'ゴースト','2017-06-07 00:00:00',0,4,'2017-04-20 00:00:00','2017-05-29 01:48:29.833127');
INSERT INTO `posts` VALUES (107,'ゴースト','2017-06-07 00:00:00',0,5,'2017-04-20 00:00:00','2017-05-29 01:48:29.850586');
INSERT INTO `posts` VALUES (108,'ゴースト','2017-06-07 00:00:00',0,6,'2017-04-20 00:00:00','2017-05-29 01:48:29.866779');
INSERT INTO `posts` VALUES (109,'ビードル','2017-09-04 00:00:00',1,1,'2017-05-25 00:00:00','2017-05-29 01:48:29.883713');
INSERT INTO `posts` VALUES (110,'ビードル','2017-09-04 00:00:00',1,2,'2017-05-25 00:00:00','2017-05-29 01:48:29.900239');
INSERT INTO `posts` VALUES (111,'ビードル','2017-09-04 00:00:00',1,3,'2017-05-25 00:00:00','2017-05-29 01:48:29.916760');
INSERT INTO `posts` VALUES (112,'ビードル','2017-09-04 00:00:00',1,4,'2017-05-25 00:00:00','2017-05-29 01:48:29.933784');
INSERT INTO `posts` VALUES (113,'ビードル','2017-09-04 00:00:00',1,5,'2017-05-25 00:00:00','2017-05-29 01:48:29.950786');
INSERT INTO `posts` VALUES (114,'ビードル','2017-09-04 00:00:00',1,6,'2017-05-25 00:00:00','2017-05-29 01:48:29.964572');
INSERT INTO `posts` VALUES (115,'アズマオウ','2017-09-01 00:00:00',1,1,'2017-05-19 00:00:00','2017-05-29 01:48:29.980557');
INSERT INTO `posts` VALUES (116,'アズマオウ','2017-09-01 00:00:00',1,2,'2017-05-19 00:00:00','2017-05-29 01:48:30.007529');
INSERT INTO `posts` VALUES (117,'アズマオウ','2017-09-01 00:00:00',1,3,'2017-05-19 00:00:00','2017-05-29 01:48:30.024774');
INSERT INTO `posts` VALUES (118,'アズマオウ','2017-09-01 00:00:00',1,4,'2017-05-19 00:00:00','2017-05-29 01:48:30.042403');
INSERT INTO `posts` VALUES (119,'アズマオウ','2017-09-01 00:00:00',1,5,'2017-05-19 00:00:00','2017-05-29 01:48:30.057092');
INSERT INTO `posts` VALUES (120,'アズマオウ','2017-09-01 00:00:00',1,6,'2017-05-19 00:00:00','2017-05-29 01:48:30.074146');
INSERT INTO `posts` VALUES (121,'ケーシィ','2017-08-15 00:00:00',0,1,'2017-02-23 00:00:00','2017-05-29 01:48:30.091779');
INSERT INTO `posts` VALUES (122,'ケーシィ','2017-08-15 00:00:00',0,2,'2017-02-23 00:00:00','2017-05-29 01:48:30.107826');
INSERT INTO `posts` VALUES (123,'ケーシィ','2017-08-15 00:00:00',0,3,'2017-02-23 00:00:00','2017-05-29 01:48:30.126697');
INSERT INTO `posts` VALUES (124,'ケーシィ','2017-08-15 00:00:00',0,4,'2017-02-23 00:00:00','2017-05-29 01:48:30.141341');
INSERT INTO `posts` VALUES (125,'ケーシィ','2017-08-15 00:00:00',0,5,'2017-02-23 00:00:00','2017-05-29 01:48:30.160980');
INSERT INTO `posts` VALUES (126,'ケーシィ','2017-08-15 00:00:00',0,6,'2017-02-23 00:00:00','2017-05-29 01:48:30.178553');
INSERT INTO `posts` VALUES (127,'カメックス','2017-06-08 00:00:00',0,1,'2017-05-19 00:00:00','2017-05-29 01:48:30.193019');
INSERT INTO `posts` VALUES (128,'カメックス','2017-06-08 00:00:00',0,2,'2017-05-19 00:00:00','2017-05-29 01:48:30.213457');
INSERT INTO `posts` VALUES (129,'カメックス','2017-06-08 00:00:00',0,3,'2017-05-19 00:00:00','2017-05-29 01:48:30.230514');
INSERT INTO `posts` VALUES (130,'カメックス','2017-06-08 00:00:00',0,4,'2017-05-19 00:00:00','2017-05-29 01:48:30.244568');
INSERT INTO `posts` VALUES (131,'カメックス','2017-06-08 00:00:00',0,5,'2017-05-19 00:00:00','2017-05-29 01:48:30.263721');
INSERT INTO `posts` VALUES (132,'カメックス','2017-06-08 00:00:00',0,6,'2017-05-19 00:00:00','2017-05-29 01:48:30.284656');
INSERT INTO `posts` VALUES (133,'ライチュウ','2017-08-12 00:00:00',1,1,'2017-04-20 00:00:00','2017-05-29 01:48:30.301790');
INSERT INTO `posts` VALUES (134,'ライチュウ','2017-08-12 00:00:00',1,2,'2017-04-20 00:00:00','2017-05-29 01:48:30.320263');
INSERT INTO `posts` VALUES (135,'ライチュウ','2017-08-12 00:00:00',1,3,'2017-04-20 00:00:00','2017-05-29 01:48:30.337891');
INSERT INTO `posts` VALUES (136,'ライチュウ','2017-08-12 00:00:00',1,4,'2017-04-20 00:00:00','2017-05-29 01:48:30.355604');
INSERT INTO `posts` VALUES (137,'ライチュウ','2017-08-12 00:00:00',1,5,'2017-04-20 00:00:00','2017-05-29 01:48:30.372504');
INSERT INTO `posts` VALUES (138,'ライチュウ','2017-08-12 00:00:00',1,6,'2017-04-20 00:00:00','2017-05-29 01:48:30.388985');
INSERT INTO `posts` VALUES (139,'エレブー','2017-08-30 00:00:00',1,1,'2017-03-11 00:00:00','2017-05-29 01:48:30.404683');
INSERT INTO `posts` VALUES (140,'エレブー','2017-08-30 00:00:00',1,2,'2017-03-11 00:00:00','2017-05-29 01:48:30.421153');
INSERT INTO `posts` VALUES (141,'エレブー','2017-08-30 00:00:00',1,3,'2017-03-11 00:00:00','2017-05-29 01:48:30.437290');
INSERT INTO `posts` VALUES (142,'エレブー','2017-08-30 00:00:00',1,4,'2017-03-11 00:00:00','2017-05-29 01:48:30.453966');
INSERT INTO `posts` VALUES (143,'エレブー','2017-08-30 00:00:00',1,5,'2017-03-11 00:00:00','2017-05-29 01:48:30.469427');
INSERT INTO `posts` VALUES (144,'エレブー','2017-08-30 00:00:00',1,6,'2017-03-11 00:00:00','2017-05-29 01:48:30.485440');
INSERT INTO `posts` VALUES (145,'ケンタロス','2017-07-05 00:00:00',1,1,'2017-05-20 00:00:00','2017-05-29 01:48:30.502435');
INSERT INTO `posts` VALUES (146,'ケンタロス','2017-07-05 00:00:00',1,2,'2017-05-20 00:00:00','2017-05-29 01:48:30.516893');
INSERT INTO `posts` VALUES (147,'ケンタロス','2017-07-05 00:00:00',1,3,'2017-05-20 00:00:00','2017-05-29 01:48:30.539287');
INSERT INTO `posts` VALUES (148,'ケンタロス','2017-07-05 00:00:00',1,4,'2017-05-20 00:00:00','2017-05-29 01:48:30.556970');
INSERT INTO `posts` VALUES (149,'ケンタロス','2017-07-05 00:00:00',1,5,'2017-05-20 00:00:00','2017-05-29 01:48:30.573514');
INSERT INTO `posts` VALUES (150,'ケンタロス','2017-07-05 00:00:00',1,6,'2017-05-20 00:00:00','2017-05-29 01:48:30.589752');
INSERT INTO `posts` VALUES (151,'アーボック','2017-06-08 00:00:00',1,1,'2017-04-01 00:00:00','2017-05-29 01:48:30.605193');
INSERT INTO `posts` VALUES (152,'アーボック','2017-06-08 00:00:00',1,2,'2017-04-01 00:00:00','2017-05-29 01:48:30.619348');
INSERT INTO `posts` VALUES (153,'アーボック','2017-06-08 00:00:00',1,3,'2017-04-01 00:00:00','2017-05-29 01:48:30.634772');
INSERT INTO `posts` VALUES (154,'アーボック','2017-06-08 00:00:00',1,4,'2017-04-01 00:00:00','2017-05-29 01:48:30.648827');
INSERT INTO `posts` VALUES (155,'アーボック','2017-06-08 00:00:00',1,5,'2017-04-01 00:00:00','2017-05-29 01:48:30.665585');
INSERT INTO `posts` VALUES (156,'アーボック','2017-06-08 00:00:00',1,6,'2017-04-01 00:00:00','2017-05-29 01:48:30.681926');
INSERT INTO `posts` VALUES (157,'イシツブテ','2017-08-25 00:00:00',0,1,'2017-02-24 00:00:00','2017-05-29 01:48:30.698114');
INSERT INTO `posts` VALUES (158,'イシツブテ','2017-08-25 00:00:00',0,2,'2017-02-24 00:00:00','2017-05-29 01:48:30.712488');
INSERT INTO `posts` VALUES (159,'イシツブテ','2017-08-25 00:00:00',0,3,'2017-02-24 00:00:00','2017-05-29 01:48:30.729438');
INSERT INTO `posts` VALUES (160,'イシツブテ','2017-08-25 00:00:00',0,4,'2017-02-24 00:00:00','2017-05-29 01:48:30.745914');
INSERT INTO `posts` VALUES (161,'イシツブテ','2017-08-25 00:00:00',0,5,'2017-02-24 00:00:00','2017-05-29 01:48:30.762232');
INSERT INTO `posts` VALUES (162,'イシツブテ','2017-08-25 00:00:00',0,6,'2017-02-24 00:00:00','2017-05-29 01:48:30.781171');
INSERT INTO `posts` VALUES (163,'カブトプス','2017-08-27 00:00:00',0,1,'2017-04-09 00:00:00','2017-05-29 01:48:30.797859');
INSERT INTO `posts` VALUES (164,'カブトプス','2017-08-27 00:00:00',0,2,'2017-04-09 00:00:00','2017-05-29 01:48:30.814556');
INSERT INTO `posts` VALUES (165,'カブトプス','2017-08-27 00:00:00',0,3,'2017-04-09 00:00:00','2017-05-29 01:48:30.829856');
INSERT INTO `posts` VALUES (166,'カブトプス','2017-08-27 00:00:00',0,4,'2017-04-09 00:00:00','2017-05-29 01:48:30.848968');
INSERT INTO `posts` VALUES (167,'カブトプス','2017-08-27 00:00:00',0,5,'2017-04-09 00:00:00','2017-05-29 01:48:30.870756');
INSERT INTO `posts` VALUES (168,'カブトプス','2017-08-27 00:00:00',0,6,'2017-04-09 00:00:00','2017-05-29 01:48:30.889021');
INSERT INTO `posts` VALUES (169,'パルシェン','2017-08-22 00:00:00',1,1,'2017-04-29 00:00:00','2017-05-29 01:48:30.909525');
INSERT INTO `posts` VALUES (170,'パルシェン','2017-08-22 00:00:00',1,2,'2017-04-29 00:00:00','2017-05-29 01:48:30.928392');
INSERT INTO `posts` VALUES (171,'パルシェン','2017-08-22 00:00:00',1,3,'2017-04-29 00:00:00','2017-05-29 01:48:30.944883');
INSERT INTO `posts` VALUES (172,'パルシェン','2017-08-22 00:00:00',1,4,'2017-04-29 00:00:00','2017-05-29 01:48:30.963383');
INSERT INTO `posts` VALUES (173,'パルシェン','2017-08-22 00:00:00',1,5,'2017-04-29 00:00:00','2017-05-29 01:48:30.980184');
INSERT INTO `posts` VALUES (174,'パルシェン','2017-08-22 00:00:00',1,6,'2017-04-29 00:00:00','2017-05-29 01:48:30.996456');
INSERT INTO `posts` VALUES (175,'リザード','2017-06-04 00:00:00',1,1,'2017-04-06 00:00:00','2017-05-29 01:48:31.013932');
INSERT INTO `posts` VALUES (176,'リザード','2017-06-04 00:00:00',1,2,'2017-04-06 00:00:00','2017-05-29 01:48:31.033477');
INSERT INTO `posts` VALUES (177,'リザード','2017-06-04 00:00:00',1,3,'2017-04-06 00:00:00','2017-05-29 01:48:31.049462');
INSERT INTO `posts` VALUES (178,'リザード','2017-06-04 00:00:00',1,4,'2017-04-06 00:00:00','2017-05-29 01:48:31.068465');
INSERT INTO `posts` VALUES (179,'リザード','2017-06-04 00:00:00',1,5,'2017-04-06 00:00:00','2017-05-29 01:48:31.085086');
INSERT INTO `posts` VALUES (180,'リザード','2017-06-04 00:00:00',1,6,'2017-04-06 00:00:00','2017-05-29 01:48:31.100980');
INSERT INTO `posts` VALUES (181,'マダツボミ','2017-08-18 00:00:00',0,1,'2017-05-09 00:00:00','2017-05-29 01:48:31.117868');
INSERT INTO `posts` VALUES (182,'マダツボミ','2017-08-18 00:00:00',0,2,'2017-05-09 00:00:00','2017-05-29 01:48:31.133730');
INSERT INTO `posts` VALUES (183,'マダツボミ','2017-08-18 00:00:00',0,3,'2017-05-09 00:00:00','2017-05-29 01:48:31.149123');
INSERT INTO `posts` VALUES (184,'マダツボミ','2017-08-18 00:00:00',0,4,'2017-05-09 00:00:00','2017-05-29 01:48:31.165078');
INSERT INTO `posts` VALUES (185,'マダツボミ','2017-08-18 00:00:00',0,5,'2017-05-09 00:00:00','2017-05-29 01:48:31.181275');
INSERT INTO `posts` VALUES (186,'マダツボミ','2017-08-18 00:00:00',0,6,'2017-05-09 00:00:00','2017-05-29 01:48:31.197627');
INSERT INTO `posts` VALUES (187,'ハクリュー','2017-08-02 00:00:00',1,1,'2017-04-06 00:00:00','2017-05-29 01:48:31.215195');
INSERT INTO `posts` VALUES (188,'ハクリュー','2017-08-02 00:00:00',1,2,'2017-04-06 00:00:00','2017-05-29 01:48:31.232289');
INSERT INTO `posts` VALUES (189,'ハクリュー','2017-08-02 00:00:00',1,3,'2017-04-06 00:00:00','2017-05-29 01:48:31.248322');
INSERT INTO `posts` VALUES (190,'ハクリュー','2017-08-02 00:00:00',1,4,'2017-04-06 00:00:00','2017-05-29 01:48:31.264674');
INSERT INTO `posts` VALUES (191,'ハクリュー','2017-08-02 00:00:00',1,5,'2017-04-06 00:00:00','2017-05-29 01:48:31.279882');
INSERT INTO `posts` VALUES (192,'ハクリュー','2017-08-02 00:00:00',1,6,'2017-04-06 00:00:00','2017-05-29 01:48:31.294474');
INSERT INTO `posts` VALUES (193,'トサキント','2017-06-21 00:00:00',1,1,'2017-04-18 00:00:00','2017-05-29 01:48:31.310531');
INSERT INTO `posts` VALUES (194,'トサキント','2017-06-21 00:00:00',1,2,'2017-04-18 00:00:00','2017-05-29 01:48:31.325635');
INSERT INTO `posts` VALUES (195,'トサキント','2017-06-21 00:00:00',1,3,'2017-04-18 00:00:00','2017-05-29 01:48:31.341690');
INSERT INTO `posts` VALUES (196,'トサキント','2017-06-21 00:00:00',1,4,'2017-04-18 00:00:00','2017-05-29 01:48:31.358306');
INSERT INTO `posts` VALUES (197,'トサキント','2017-06-21 00:00:00',1,5,'2017-04-18 00:00:00','2017-05-29 01:48:31.373782');
INSERT INTO `posts` VALUES (198,'トサキント','2017-06-21 00:00:00',1,6,'2017-04-18 00:00:00','2017-05-29 01:48:31.389814');
INSERT INTO `posts` VALUES (199,'ピッピ','2017-06-03 00:00:00',1,1,'2017-05-22 00:00:00','2017-05-29 01:48:31.410176');
INSERT INTO `posts` VALUES (200,'ピッピ','2017-06-03 00:00:00',1,2,'2017-05-22 00:00:00','2017-05-29 01:48:31.426194');
INSERT INTO `posts` VALUES (201,'ピッピ','2017-06-03 00:00:00',1,3,'2017-05-22 00:00:00','2017-05-29 01:48:31.445525');
INSERT INTO `posts` VALUES (202,'ピッピ','2017-06-03 00:00:00',1,4,'2017-05-22 00:00:00','2017-05-29 01:48:31.463333');
INSERT INTO `posts` VALUES (203,'ピッピ','2017-06-03 00:00:00',1,5,'2017-05-22 00:00:00','2017-05-29 01:48:31.480756');
INSERT INTO `posts` VALUES (204,'ピッピ','2017-06-03 00:00:00',1,6,'2017-05-22 00:00:00','2017-05-29 01:48:31.498496');
INSERT INTO `posts` VALUES (205,'タッツー','2017-06-15 00:00:00',0,1,'2017-05-11 00:00:00','2017-05-29 01:48:31.513610');
INSERT INTO `posts` VALUES (206,'タッツー','2017-06-15 00:00:00',0,2,'2017-05-11 00:00:00','2017-05-29 01:48:31.530660');
INSERT INTO `posts` VALUES (207,'タッツー','2017-06-15 00:00:00',0,3,'2017-05-11 00:00:00','2017-05-29 01:48:31.545133');
INSERT INTO `posts` VALUES (208,'タッツー','2017-06-15 00:00:00',0,4,'2017-05-11 00:00:00','2017-05-29 01:48:31.563350');
INSERT INTO `posts` VALUES (209,'タッツー','2017-06-15 00:00:00',0,5,'2017-05-11 00:00:00','2017-05-29 01:48:31.579598');
INSERT INTO `posts` VALUES (210,'タッツー','2017-06-15 00:00:00',0,6,'2017-05-11 00:00:00','2017-05-29 01:48:31.596573');
INSERT INTO `posts` VALUES (211,'ゴローニャ','2017-08-29 00:00:00',1,1,'2017-05-19 00:00:00','2017-05-29 01:48:31.613062');
INSERT INTO `posts` VALUES (212,'ゴローニャ','2017-08-29 00:00:00',1,2,'2017-05-19 00:00:00','2017-05-29 01:48:31.630202');
INSERT INTO `posts` VALUES (213,'ゴローニャ','2017-08-29 00:00:00',1,3,'2017-05-19 00:00:00','2017-05-29 01:48:31.645559');
INSERT INTO `posts` VALUES (214,'ゴローニャ','2017-08-29 00:00:00',1,4,'2017-05-19 00:00:00','2017-05-29 01:48:31.661292');
INSERT INTO `posts` VALUES (215,'ゴローニャ','2017-08-29 00:00:00',1,5,'2017-05-19 00:00:00','2017-05-29 01:48:31.679229');
INSERT INTO `posts` VALUES (216,'ゴローニャ','2017-08-29 00:00:00',1,6,'2017-05-19 00:00:00','2017-05-29 01:48:31.695311');
INSERT INTO `posts` VALUES (217,'バタフリー','2017-07-18 00:00:00',0,1,'2017-05-22 00:00:00','2017-05-29 01:48:31.710778');
INSERT INTO `posts` VALUES (218,'バタフリー','2017-07-18 00:00:00',0,2,'2017-05-22 00:00:00','2017-05-29 01:48:31.726707');
INSERT INTO `posts` VALUES (219,'バタフリー','2017-07-18 00:00:00',0,3,'2017-05-22 00:00:00','2017-05-29 01:48:31.741846');
INSERT INTO `posts` VALUES (220,'バタフリー','2017-07-18 00:00:00',0,4,'2017-05-22 00:00:00','2017-05-29 01:48:31.765433');
INSERT INTO `posts` VALUES (221,'バタフリー','2017-07-18 00:00:00',0,5,'2017-05-22 00:00:00','2017-05-29 01:48:31.783762');
INSERT INTO `posts` VALUES (222,'バタフリー','2017-07-18 00:00:00',0,6,'2017-05-22 00:00:00','2017-05-29 01:48:31.801555');
INSERT INTO `posts` VALUES (223,'コイル','2017-06-25 00:00:00',1,1,'2017-03-06 00:00:00','2017-05-29 01:48:31.820389');
INSERT INTO `posts` VALUES (224,'コイル','2017-06-25 00:00:00',1,2,'2017-03-06 00:00:00','2017-05-29 01:48:31.837048');
INSERT INTO `posts` VALUES (225,'コイル','2017-06-25 00:00:00',1,3,'2017-03-06 00:00:00','2017-05-29 01:48:31.854842');
INSERT INTO `posts` VALUES (226,'コイル','2017-06-25 00:00:00',1,4,'2017-03-06 00:00:00','2017-05-29 01:48:31.870389');
INSERT INTO `posts` VALUES (227,'コイル','2017-06-25 00:00:00',1,5,'2017-03-06 00:00:00','2017-05-29 01:48:31.885327');
INSERT INTO `posts` VALUES (228,'コイル','2017-06-25 00:00:00',1,6,'2017-03-06 00:00:00','2017-05-29 01:48:31.904442');
INSERT INTO `posts` VALUES (229,'ナッシー','2017-06-22 00:00:00',0,1,'2017-05-15 00:00:00','2017-05-29 01:48:31.923902');
INSERT INTO `posts` VALUES (230,'ナッシー','2017-06-22 00:00:00',0,2,'2017-05-15 00:00:00','2017-05-29 01:48:31.942136');
INSERT INTO `posts` VALUES (231,'ナッシー','2017-06-22 00:00:00',0,3,'2017-05-15 00:00:00','2017-05-29 01:48:31.956280');
INSERT INTO `posts` VALUES (232,'ナッシー','2017-06-22 00:00:00',0,4,'2017-05-15 00:00:00','2017-05-29 01:48:31.982184');
INSERT INTO `posts` VALUES (233,'ナッシー','2017-06-22 00:00:00',0,5,'2017-05-15 00:00:00','2017-05-29 01:48:32.000358');
INSERT INTO `posts` VALUES (234,'ナッシー','2017-06-22 00:00:00',0,6,'2017-05-15 00:00:00','2017-05-29 01:48:32.026192');
INSERT INTO `posts` VALUES (235,'ニドリーノ','2017-08-27 00:00:00',0,1,'2017-05-06 00:00:00','2017-05-29 01:48:32.043338');
INSERT INTO `posts` VALUES (236,'ニドリーノ','2017-08-27 00:00:00',0,2,'2017-05-06 00:00:00','2017-05-29 01:48:32.060588');
INSERT INTO `posts` VALUES (237,'ニドリーノ','2017-08-27 00:00:00',0,3,'2017-05-06 00:00:00','2017-05-29 01:48:32.078018');
INSERT INTO `posts` VALUES (238,'ニドリーノ','2017-08-27 00:00:00',0,4,'2017-05-06 00:00:00','2017-05-29 01:48:32.096268');
INSERT INTO `posts` VALUES (239,'ニドリーノ','2017-08-27 00:00:00',0,5,'2017-05-06 00:00:00','2017-05-29 01:48:32.112947');
INSERT INTO `posts` VALUES (240,'ニドリーノ','2017-08-27 00:00:00',0,6,'2017-05-06 00:00:00','2017-05-29 01:48:32.129545');
INSERT INTO `posts` VALUES (241,'ゲンガー','2017-08-22 00:00:00',0,1,'2017-04-03 00:00:00','2017-05-29 01:48:32.147683');
INSERT INTO `posts` VALUES (242,'ゲンガー','2017-08-22 00:00:00',0,2,'2017-04-03 00:00:00','2017-05-29 01:48:32.168084');
INSERT INTO `posts` VALUES (243,'ゲンガー','2017-08-22 00:00:00',0,3,'2017-04-03 00:00:00','2017-05-29 01:48:32.185191');
INSERT INTO `posts` VALUES (244,'ゲンガー','2017-08-22 00:00:00',0,4,'2017-04-03 00:00:00','2017-05-29 01:48:32.204626');
INSERT INTO `posts` VALUES (245,'ゲンガー','2017-08-22 00:00:00',0,5,'2017-04-03 00:00:00','2017-05-29 01:48:32.222907');
INSERT INTO `posts` VALUES (246,'ゲンガー','2017-08-22 00:00:00',0,6,'2017-04-03 00:00:00','2017-05-29 01:48:32.241531');
INSERT INTO `posts` VALUES (247,'ビリリダマ','2017-09-04 00:00:00',0,1,'2017-03-29 00:00:00','2017-05-29 01:48:32.259498');
INSERT INTO `posts` VALUES (248,'ビリリダマ','2017-09-04 00:00:00',0,2,'2017-03-29 00:00:00','2017-05-29 01:48:32.274700');
INSERT INTO `posts` VALUES (249,'ビリリダマ','2017-09-04 00:00:00',0,3,'2017-03-29 00:00:00','2017-05-29 01:48:32.291585');
INSERT INTO `posts` VALUES (250,'ビリリダマ','2017-09-04 00:00:00',0,4,'2017-03-29 00:00:00','2017-05-29 01:48:32.307835');
INSERT INTO `posts` VALUES (251,'ビリリダマ','2017-09-04 00:00:00',0,5,'2017-03-29 00:00:00','2017-05-29 01:48:32.323622');
INSERT INTO `posts` VALUES (252,'ビリリダマ','2017-09-04 00:00:00',0,6,'2017-03-29 00:00:00','2017-05-29 01:48:32.340330');
INSERT INTO `posts` VALUES (253,'メノクラゲ','2017-07-19 00:00:00',0,1,'2017-03-19 00:00:00','2017-05-29 01:48:32.356150');
INSERT INTO `posts` VALUES (254,'メノクラゲ','2017-07-19 00:00:00',0,2,'2017-03-19 00:00:00','2017-05-29 01:48:32.371450');
INSERT INTO `posts` VALUES (255,'メノクラゲ','2017-07-19 00:00:00',0,3,'2017-03-19 00:00:00','2017-05-29 01:48:32.387145');
INSERT INTO `posts` VALUES (256,'メノクラゲ','2017-07-19 00:00:00',0,4,'2017-03-19 00:00:00','2017-05-29 01:48:32.405681');
INSERT INTO `posts` VALUES (257,'メノクラゲ','2017-07-19 00:00:00',0,5,'2017-03-19 00:00:00','2017-05-29 01:48:32.423309');
INSERT INTO `posts` VALUES (258,'メノクラゲ','2017-07-19 00:00:00',0,6,'2017-03-19 00:00:00','2017-05-29 01:48:32.440592');
INSERT INTO `posts` VALUES (259,'カラカラ','2017-09-04 00:00:00',0,1,'2017-05-02 00:00:00','2017-05-29 01:48:32.456328');
INSERT INTO `posts` VALUES (260,'カラカラ','2017-09-04 00:00:00',0,2,'2017-05-02 00:00:00','2017-05-29 01:48:32.475866');
INSERT INTO `posts` VALUES (261,'カラカラ','2017-09-04 00:00:00',0,3,'2017-05-02 00:00:00','2017-05-29 01:48:32.493469');
INSERT INTO `posts` VALUES (262,'カラカラ','2017-09-04 00:00:00',0,4,'2017-05-02 00:00:00','2017-05-29 01:48:32.511128');
INSERT INTO `posts` VALUES (263,'カラカラ','2017-09-04 00:00:00',0,5,'2017-05-02 00:00:00','2017-05-29 01:48:32.524417');
INSERT INTO `posts` VALUES (264,'カラカラ','2017-09-04 00:00:00',0,6,'2017-05-02 00:00:00','2017-05-29 01:48:32.542359');
INSERT INTO `posts` VALUES (265,'ナゾノクサ','2017-08-10 00:00:00',1,1,'2017-03-12 00:00:00','2017-05-29 01:48:32.558910');
INSERT INTO `posts` VALUES (266,'ナゾノクサ','2017-08-10 00:00:00',1,2,'2017-03-12 00:00:00','2017-05-29 01:48:32.573098');
INSERT INTO `posts` VALUES (267,'ナゾノクサ','2017-08-10 00:00:00',1,3,'2017-03-12 00:00:00','2017-05-29 01:48:32.589090');
INSERT INTO `posts` VALUES (268,'ナゾノクサ','2017-08-10 00:00:00',1,4,'2017-03-12 00:00:00','2017-05-29 01:48:32.603969');
INSERT INTO `posts` VALUES (269,'ナゾノクサ','2017-08-10 00:00:00',1,5,'2017-03-12 00:00:00','2017-05-29 01:48:32.621323');
INSERT INTO `posts` VALUES (270,'ナゾノクサ','2017-08-10 00:00:00',1,6,'2017-03-12 00:00:00','2017-05-29 01:48:32.637770');
INSERT INTO `posts` VALUES (271,'ディグダ','2017-06-08 00:00:00',0,1,'2017-04-12 00:00:00','2017-05-29 01:48:32.653601');
INSERT INTO `posts` VALUES (272,'ディグダ','2017-06-08 00:00:00',0,2,'2017-04-12 00:00:00','2017-05-29 01:48:32.670638');
INSERT INTO `posts` VALUES (273,'ディグダ','2017-06-08 00:00:00',0,3,'2017-04-12 00:00:00','2017-05-29 01:48:32.685986');
INSERT INTO `posts` VALUES (274,'ディグダ','2017-06-08 00:00:00',0,4,'2017-04-12 00:00:00','2017-05-29 01:48:32.704512');
INSERT INTO `posts` VALUES (275,'ディグダ','2017-06-08 00:00:00',0,5,'2017-04-12 00:00:00','2017-05-29 01:48:32.723047');
INSERT INTO `posts` VALUES (276,'ディグダ','2017-06-08 00:00:00',0,6,'2017-04-12 00:00:00','2017-05-29 01:48:32.740267');
INSERT INTO `posts` VALUES (277,'フシギソウ','2017-08-28 00:00:00',0,1,'2017-03-26 00:00:00','2017-05-29 01:48:32.755866');
INSERT INTO `posts` VALUES (278,'フシギソウ','2017-08-28 00:00:00',0,2,'2017-03-26 00:00:00','2017-05-29 01:48:32.771124');
INSERT INTO `posts` VALUES (279,'フシギソウ','2017-08-28 00:00:00',0,3,'2017-03-26 00:00:00','2017-05-29 01:48:32.785238');
INSERT INTO `posts` VALUES (280,'フシギソウ','2017-08-28 00:00:00',0,4,'2017-03-26 00:00:00','2017-05-29 01:48:32.801152');
INSERT INTO `posts` VALUES (281,'フシギソウ','2017-08-28 00:00:00',0,5,'2017-03-26 00:00:00','2017-05-29 01:48:32.816703');
INSERT INTO `posts` VALUES (282,'フシギソウ','2017-08-28 00:00:00',0,6,'2017-03-26 00:00:00','2017-05-29 01:48:32.831452');
INSERT INTO `posts` VALUES (283,'タマタマ','2017-08-31 00:00:00',1,1,'2017-05-10 00:00:00','2017-05-29 01:48:32.845503');
INSERT INTO `posts` VALUES (284,'タマタマ','2017-08-31 00:00:00',1,2,'2017-05-10 00:00:00','2017-05-29 01:48:32.866503');
INSERT INTO `posts` VALUES (285,'タマタマ','2017-08-31 00:00:00',1,3,'2017-05-10 00:00:00','2017-05-29 01:48:32.879626');
INSERT INTO `posts` VALUES (286,'タマタマ','2017-08-31 00:00:00',1,4,'2017-05-10 00:00:00','2017-05-29 01:48:32.896906');
INSERT INTO `posts` VALUES (287,'タマタマ','2017-08-31 00:00:00',1,5,'2017-05-10 00:00:00','2017-05-29 01:48:32.916281');
INSERT INTO `posts` VALUES (288,'タマタマ','2017-08-31 00:00:00',1,6,'2017-05-10 00:00:00','2017-05-29 01:48:32.932607');
INSERT INTO `posts` VALUES (289,'イーブイ','2017-07-30 00:00:00',1,1,'2017-03-21 00:00:00','2017-05-29 01:48:32.949895');
INSERT INTO `posts` VALUES (290,'イーブイ','2017-07-30 00:00:00',1,2,'2017-03-21 00:00:00','2017-05-29 01:48:32.963663');
INSERT INTO `posts` VALUES (291,'イーブイ','2017-07-30 00:00:00',1,3,'2017-03-21 00:00:00','2017-05-29 01:48:32.980978');
INSERT INTO `posts` VALUES (292,'イーブイ','2017-07-30 00:00:00',1,4,'2017-03-21 00:00:00','2017-05-29 01:48:32.996624');
INSERT INTO `posts` VALUES (293,'イーブイ','2017-07-30 00:00:00',1,5,'2017-03-21 00:00:00','2017-05-29 01:48:33.020405');
INSERT INTO `posts` VALUES (294,'イーブイ','2017-07-30 00:00:00',1,6,'2017-03-21 00:00:00','2017-05-29 01:48:33.038774');
INSERT INTO `posts` VALUES (295,'キングラー','2017-06-04 00:00:00',0,1,'2017-05-27 00:00:00','2017-05-29 01:48:33.053348');
INSERT INTO `posts` VALUES (296,'キングラー','2017-06-04 00:00:00',0,2,'2017-05-27 00:00:00','2017-05-29 01:48:33.068693');
INSERT INTO `posts` VALUES (297,'キングラー','2017-06-04 00:00:00',0,3,'2017-05-27 00:00:00','2017-05-29 01:48:33.084736');
INSERT INTO `posts` VALUES (298,'キングラー','2017-06-04 00:00:00',0,4,'2017-05-27 00:00:00','2017-05-29 01:48:33.099930');
INSERT INTO `posts` VALUES (299,'キングラー','2017-06-04 00:00:00',0,5,'2017-05-27 00:00:00','2017-05-29 01:48:33.115958');
INSERT INTO `posts` VALUES (300,'キングラー','2017-06-04 00:00:00',0,6,'2017-05-27 00:00:00','2017-05-29 01:48:33.131658');
INSERT INTO `posts` VALUES (301,'インフィニティヘルム','2017-05-11 00:00:00',1,1,'2017-05-29 01:49:09.312971','2017-05-29 02:09:42.062909');
INSERT INTO `posts` VALUES (302,'インフィニティヘルム２','2017-05-31 00:00:00',0,1,'2017-05-29 02:08:01.829405','2017-05-29 02:08:01.829405');
INSERT INTO `posts` VALUES (303,'インフィニティヘルム３','2017-05-31 00:00:00',0,1,'2017-05-29 02:08:34.111051','2017-05-29 02:08:34.111051');
CREATE TABLE "lists" ("id" INTEGER PRIMARY KEY AUTOINCREMENT NOT NULL, "name" varchar, "created_at" datetime NOT NULL, "updated_at" datetime NOT NULL, "expiration_date" datetime);
INSERT INTO `lists` VALUES (1,'買い物リスト','2017-05-29 01:48:26.068247','2017-05-29 02:09:42.084424','2017-05-31 00:00:00');
INSERT INTO `lists` VALUES (2,'石田 陸','2017-05-29 01:48:26.640620','2017-05-29 01:48:26.640620',NULL);
INSERT INTO `lists` VALUES (3,'谷口 陸','2017-05-29 01:48:26.655852','2017-05-29 01:48:26.655852',NULL);
INSERT INTO `lists` VALUES (4,'武田 杏','2017-05-29 01:48:26.672144','2017-05-29 01:48:26.672144',NULL);
INSERT INTO `lists` VALUES (5,'清水 綾乃','2017-05-29 01:48:26.689719','2017-05-29 01:48:26.689719',NULL);
INSERT INTO `lists` VALUES (6,'原田 一輝','2017-05-29 01:48:26.705033','2017-05-29 01:48:26.705033',NULL);
INSERT INTO `lists` VALUES (7,'松田 凛','2017-05-29 01:48:26.726994','2017-05-29 01:48:26.726994',NULL);
INSERT INTO `lists` VALUES (8,'村田 美咲','2017-05-29 01:48:26.737256','2017-05-29 01:48:26.737256',NULL);
INSERT INTO `lists` VALUES (9,'前田 一郎','2017-05-29 01:48:26.752915','2017-05-29 01:48:26.752915',NULL);
INSERT INTO `lists` VALUES (10,'小川 直樹','2017-05-29 01:48:26.766858','2017-05-29 01:48:26.766858',NULL);
INSERT INTO `lists` VALUES (11,'工藤 輝','2017-05-29 01:48:26.785584','2017-05-29 01:48:26.785584',NULL);
INSERT INTO `lists` VALUES (12,'木村 恵','2017-05-29 01:48:26.800287','2017-05-29 01:48:26.800287',NULL);
INSERT INTO `lists` VALUES (13,'宮本 一輝','2017-05-29 01:48:26.815449','2017-05-29 01:48:26.815449',NULL);
INSERT INTO `lists` VALUES (14,'藤本 陽菜','2017-05-29 01:48:26.827301','2017-05-29 01:48:26.827301',NULL);
INSERT INTO `lists` VALUES (15,'竹内 仁','2017-05-29 01:48:26.840135','2017-05-29 01:48:26.840135',NULL);
INSERT INTO `lists` VALUES (16,'佐藤 健太','2017-05-29 01:48:26.856806','2017-05-29 01:48:26.856806',NULL);
INSERT INTO `lists` VALUES (17,'内田 葵','2017-05-29 01:48:26.874174','2017-05-29 01:48:26.874174',NULL);
INSERT INTO `lists` VALUES (18,'野口 隼人','2017-05-29 01:48:26.889612','2017-05-29 01:48:26.889612',NULL);
INSERT INTO `lists` VALUES (19,'太田 諒','2017-05-29 01:48:26.903363','2017-05-29 01:48:26.903363',NULL);
INSERT INTO `lists` VALUES (20,'太田 杏','2017-05-29 01:48:26.917241','2017-05-29 01:48:26.917241',NULL);
INSERT INTO `lists` VALUES (21,'佐藤 美優','2017-05-29 01:48:26.931956','2017-05-29 01:48:26.931956',NULL);
INSERT INTO `lists` VALUES (22,'中川 芽衣','2017-05-29 01:48:26.949579','2017-05-29 01:48:26.949579',NULL);
INSERT INTO `lists` VALUES (23,'橋本 悠斗','2017-05-29 01:48:26.965557','2017-05-29 01:48:26.965557',NULL);
INSERT INTO `lists` VALUES (24,'渡部 颯','2017-05-29 01:48:26.978195','2017-05-29 01:48:26.978195',NULL);
INSERT INTO `lists` VALUES (25,'佐藤 瑛太','2017-05-29 01:48:26.998367','2017-05-29 01:48:26.998367',NULL);
INSERT INTO `lists` VALUES (26,'上田 愛子','2017-05-29 01:48:27.011305','2017-05-29 01:48:27.011305',NULL);
INSERT INTO `lists` VALUES (27,'中山 陽','2017-05-29 01:48:27.025207','2017-05-29 01:48:27.025207',NULL);
INSERT INTO `lists` VALUES (28,'山下 悠人','2017-05-29 01:48:27.039172','2017-05-29 01:48:27.039172',NULL);
INSERT INTO `lists` VALUES (29,'金子 大輔','2017-05-29 01:48:27.050613','2017-05-29 01:48:27.050613',NULL);
INSERT INTO `lists` VALUES (30,'大野 未来','2017-05-29 01:48:27.062690','2017-05-29 01:48:27.062690',NULL);
INSERT INTO `lists` VALUES (31,'鈴木 蓮','2017-05-29 01:48:27.074413','2017-05-29 01:48:27.074413',NULL);
INSERT INTO `lists` VALUES (32,'太田 亮','2017-05-29 01:48:27.090035','2017-05-29 01:48:27.090035',NULL);
INSERT INTO `lists` VALUES (33,'阿部 悠','2017-05-29 01:48:27.103507','2017-05-29 01:48:27.103507',NULL);
INSERT INTO `lists` VALUES (34,'丸山 大輔','2017-05-29 01:48:27.118472','2017-05-29 01:48:27.118472',NULL);
INSERT INTO `lists` VALUES (35,'森田 莉子','2017-05-29 01:48:27.130747','2017-05-29 01:48:27.130747',NULL);
INSERT INTO `lists` VALUES (36,'橋本 陽太','2017-05-29 01:48:27.146236','2017-05-29 01:48:27.146236',NULL);
INSERT INTO `lists` VALUES (37,'増田 裕子','2017-05-29 01:48:27.158667','2017-05-29 01:48:27.158667',NULL);
INSERT INTO `lists` VALUES (38,'森田 美緒','2017-05-29 01:48:27.171726','2017-05-29 01:48:27.171726',NULL);
INSERT INTO `lists` VALUES (39,'吉田 翔太','2017-05-29 01:48:27.185413','2017-05-29 01:48:27.185413',NULL);
INSERT INTO `lists` VALUES (40,'藤原 悠人','2017-05-29 01:48:27.199537','2017-05-29 01:48:27.199537',NULL);
INSERT INTO `lists` VALUES (41,'山本 優','2017-05-29 01:48:27.211053','2017-05-29 01:48:27.211053',NULL);
INSERT INTO `lists` VALUES (42,'原田 愛子','2017-05-29 01:48:27.224144','2017-05-29 01:48:27.224144',NULL);
INSERT INTO `lists` VALUES (43,'清水 優','2017-05-29 01:48:27.237418','2017-05-29 01:48:27.237418',NULL);
INSERT INTO `lists` VALUES (44,'木下 舞','2017-05-29 01:48:27.251057','2017-05-29 01:48:27.251057',NULL);
INSERT INTO `lists` VALUES (45,'小川 美優','2017-05-29 01:48:27.266132','2017-05-29 01:48:27.266132',NULL);
INSERT INTO `lists` VALUES (46,'谷口 裕子','2017-05-29 01:48:27.279030','2017-05-29 01:48:27.279030',NULL);
INSERT INTO `lists` VALUES (47,'森田 さくら','2017-05-29 01:48:27.292096','2017-05-29 01:48:27.292096',NULL);
INSERT INTO `lists` VALUES (48,'柴田 大地','2017-05-29 01:48:27.305377','2017-05-29 01:48:27.305377',NULL);
INSERT INTO `lists` VALUES (49,'小川 輝','2017-05-29 01:48:27.329746','2017-05-29 01:48:27.329746',NULL);
INSERT INTO `lists` VALUES (50,'長谷川 隼人','2017-05-29 01:48:27.343405','2017-05-29 01:48:27.343405',NULL);
INSERT INTO `lists` VALUES (51,'藤本 茜','2017-05-29 01:48:27.358307','2017-05-29 01:48:27.358307',NULL);
INSERT INTO `lists` VALUES (52,'石川 美穂','2017-05-29 01:48:27.371467','2017-05-29 01:48:27.371467',NULL);
INSERT INTO `lists` VALUES (53,'村田 遼','2017-05-29 01:48:27.384550','2017-05-29 01:48:27.384550',NULL);
INSERT INTO `lists` VALUES (54,'高田 一郎','2017-05-29 01:48:27.397661','2017-05-29 01:48:27.397661',NULL);
INSERT INTO `lists` VALUES (55,'近藤 優菜','2017-05-29 01:48:27.412760','2017-05-29 01:48:27.412760',NULL);
INSERT INTO `lists` VALUES (56,'杉山 陽','2017-05-29 01:48:27.426647','2017-05-29 01:48:27.426647',NULL);
INSERT INTO `lists` VALUES (57,'伊藤 美羽','2017-05-29 01:48:27.438919','2017-05-29 01:48:27.438919',NULL);
INSERT INTO `lists` VALUES (58,'中島 美月','2017-05-29 01:48:27.454789','2017-05-29 01:48:27.454789',NULL);
INSERT INTO `lists` VALUES (59,'森 茜','2017-05-29 01:48:27.469423','2017-05-29 01:48:27.469423',NULL);
INSERT INTO `lists` VALUES (60,'石井 健太','2017-05-29 01:48:27.483479','2017-05-29 01:48:27.483479',NULL);
INSERT INTO `lists` VALUES (61,'太田 裕子','2017-05-29 01:48:27.496725','2017-05-29 01:48:27.496725',NULL);
INSERT INTO `lists` VALUES (62,'菊地 桜','2017-05-29 01:48:27.514878','2017-05-29 01:48:27.514878',NULL);
INSERT INTO `lists` VALUES (63,'清水 健','2017-05-29 01:48:27.530748','2017-05-29 01:48:27.530748',NULL);
INSERT INTO `lists` VALUES (64,'千葉 さくら','2017-05-29 01:48:27.546389','2017-05-29 01:48:27.546389',NULL);
INSERT INTO `lists` VALUES (65,'原 空','2017-05-29 01:48:27.560823','2017-05-29 01:48:27.560823',NULL);
INSERT INTO `lists` VALUES (66,'内田 悠','2017-05-29 01:48:27.575419','2017-05-29 01:48:27.575419',NULL);
INSERT INTO `lists` VALUES (67,'後藤 優斗','2017-05-29 01:48:27.589399','2017-05-29 01:48:27.589399',NULL);
INSERT INTO `lists` VALUES (68,'野口 彩花','2017-05-29 01:48:27.601972','2017-05-29 01:48:27.601972',NULL);
INSERT INTO `lists` VALUES (69,'斉藤 奈々','2017-05-29 01:48:27.613609','2017-05-29 01:48:27.613609',NULL);
INSERT INTO `lists` VALUES (70,'太田 楓','2017-05-29 01:48:27.629166','2017-05-29 01:48:27.629166',NULL);
INSERT INTO `lists` VALUES (71,'田村 碧','2017-05-29 01:48:27.641514','2017-05-29 01:48:27.641514',NULL);
INSERT INTO `lists` VALUES (72,'岩崎 茜','2017-05-29 01:48:27.655400','2017-05-29 01:48:27.655400',NULL);
INSERT INTO `lists` VALUES (73,'鈴木 一輝','2017-05-29 01:48:27.669451','2017-05-29 01:48:27.669451',NULL);
INSERT INTO `lists` VALUES (74,'佐野 結衣','2017-05-29 01:48:27.683113','2017-05-29 01:48:27.683113',NULL);
INSERT INTO `lists` VALUES (75,'林 碧','2017-05-29 01:48:27.696362','2017-05-29 01:48:27.696362',NULL);
INSERT INTO `lists` VALUES (76,'宮崎 悠人','2017-05-29 01:48:27.709715','2017-05-29 01:48:27.709715',NULL);
INSERT INTO `lists` VALUES (77,'吉田 隼人','2017-05-29 01:48:27.724982','2017-05-29 01:48:27.724982',NULL);
INSERT INTO `lists` VALUES (78,'藤井 瑛太','2017-05-29 01:48:27.737798','2017-05-29 01:48:27.737798',NULL);
INSERT INTO `lists` VALUES (79,'清水 凛','2017-05-29 01:48:27.751553','2017-05-29 01:48:27.751553',NULL);
INSERT INTO `lists` VALUES (80,'近藤 陽','2017-05-29 01:48:27.766277','2017-05-29 01:48:27.766277',NULL);
INSERT INTO `lists` VALUES (81,'佐野 智子','2017-05-29 01:48:27.779502','2017-05-29 01:48:27.779502',NULL);
INSERT INTO `lists` VALUES (82,'阿部 愛美','2017-05-29 01:48:27.793751','2017-05-29 01:48:27.793751',NULL);
INSERT INTO `lists` VALUES (83,'大野 陽','2017-05-29 01:48:27.807394','2017-05-29 01:48:27.807394',NULL);
INSERT INTO `lists` VALUES (84,'平野 大翔','2017-05-29 01:48:27.821784','2017-05-29 01:48:27.821784',NULL);
INSERT INTO `lists` VALUES (85,'柴田 陽菜','2017-05-29 01:48:27.838661','2017-05-29 01:48:27.838661',NULL);
INSERT INTO `lists` VALUES (86,'村上 一郎','2017-05-29 01:48:27.851230','2017-05-29 01:48:27.851230',NULL);
INSERT INTO `lists` VALUES (87,'千葉 優菜','2017-05-29 01:48:27.861733','2017-05-29 01:48:27.861733',NULL);
INSERT INTO `lists` VALUES (88,'佐々木 結','2017-05-29 01:48:27.879259','2017-05-29 01:48:27.879259',NULL);
INSERT INTO `lists` VALUES (89,'河野 太一','2017-05-29 01:48:27.892681','2017-05-29 01:48:27.892681',NULL);
INSERT INTO `lists` VALUES (90,'中川 杏奈','2017-05-29 01:48:27.905049','2017-05-29 01:48:27.905049',NULL);
INSERT INTO `lists` VALUES (91,'石井 綾乃','2017-05-29 01:48:27.919375','2017-05-29 01:48:27.919375',NULL);
INSERT INTO `lists` VALUES (92,'中山 葵','2017-05-29 01:48:27.934636','2017-05-29 01:48:27.934636',NULL);
INSERT INTO `lists` VALUES (93,'高木 優花','2017-05-29 01:48:27.946926','2017-05-29 01:48:27.946926',NULL);
INSERT INTO `lists` VALUES (94,'山本 碧','2017-05-29 01:48:27.958437','2017-05-29 01:48:27.958437',NULL);
INSERT INTO `lists` VALUES (95,'吉田 奈々','2017-05-29 01:48:27.971219','2017-05-29 01:48:27.971219',NULL);
INSERT INTO `lists` VALUES (96,'原 美桜','2017-05-29 01:48:27.981463','2017-05-29 01:48:27.981463',NULL);
INSERT INTO `lists` VALUES (97,'福田 彩乃','2017-05-29 01:48:27.994637','2017-05-29 01:48:27.994637',NULL);
INSERT INTO `lists` VALUES (98,'渡辺 結','2017-05-29 01:48:28.005059','2017-05-29 01:48:28.005059',NULL);
INSERT INTO `lists` VALUES (99,'平野 千尋','2017-05-29 01:48:28.017862','2017-05-29 01:48:28.017862',NULL);
INSERT INTO `lists` VALUES (100,'高橋 亮','2017-05-29 01:48:28.030151','2017-05-29 01:48:28.030151',NULL);
INSERT INTO `lists` VALUES (101,'買い物リスト２','2017-05-29 02:09:06.691856','2017-05-29 02:09:06.691856',NULL);
CREATE TABLE "ar_internal_metadata" ("key" varchar NOT NULL PRIMARY KEY, "value" varchar, "created_at" datetime NOT NULL, "updated_at" datetime NOT NULL);
INSERT INTO `ar_internal_metadata` VALUES ('environment','development','2017-05-29 01:48:16.240547','2017-05-29 01:48:16.240547');
CREATE INDEX "index_posts_on_list_id_and_created_at" ON "posts" ("list_id", "created_at");
CREATE INDEX "index_posts_on_list_id" ON "posts" ("list_id");
COMMIT;
